file,predicted_label
novaspp_000/test_leaf_000.png,0
novaspp_000/test_leaf_001.png,0
novaspp_000/test_leaf_002.png,0
novaspp_000/test_flower_000.png,0
novaspp_000/test_flower_001.png,0
novaspp_000/test_flower_002.png,0
novaspp_000/test_museum_000.png,0
novaspp_000/test_museum_001.png,0
novaspp_000/test_museum_002.png,0
novaspp_000/test_sky_000.png,0
novaspp_000/test_sky_001.png,0
novaspp_000/test_sky_002.png,0
novaspp_001/test_leaf_000.png,1
novaspp_001/test_leaf_001.png,1
novaspp_001/test_leaf_002.png,1
novaspp_001/test_flower_000.png,1
novaspp_001/test_flower_001.png,1
novaspp_001/test_flower_002.png,1
novaspp_001/test_museum_000.png,1
novaspp_001/test_museum_001.png,1
novaspp_001/test_museum_002.png,1
novaspp_001/test_sky_000.png,1
novaspp_001/test_sky_001.png,1
novaspp_001/test_sky_002.png,1
novaspp_002/test_leaf_000.png,2
novaspp_002/test_leaf_001.png,2
novaspp_002/test_leaf_002.png,2
novaspp_002/test_flower_000.png,2
novaspp_002/test_flower_001.png,2
novaspp_002/test_flower_002.png,2
novaspp_002/test_museum_000.png,2
novaspp_002/test_museum_001.png,2
novaspp_002/test_museum_002.png,2
novaspp_002/test_sky_000.png,2
novaspp_002/test_sky_001.png,2
novaspp_002/test_sky_002.png,2
novaspp_003/test_leaf_000.png,3
novaspp_003/test_leaf_001.png,3
novaspp_003/test_leaf_002.png,3
novaspp_003/test_flower_000.png,3
novaspp_003/test_flower_001.png,3
novaspp_003/test_flower_002.png,3
novaspp_003/test_museum_000.png,3
novaspp_003/test_museum_001.png,3
novaspp_003/test_museum_002.png,3
novaspp_003/test_sky_000.png,3
novaspp_003/test_sky_001.png,3
novaspp_003/test_sky_002.png,3
novaspp_004/test_leaf_000.png,4
novaspp_004/test_leaf_001.png,4
novaspp_004/test_leaf_002.png,4
novaspp_004/test_flower_000.png,4
novaspp_004/test_flower_001.png,4
novaspp_004/test_flower_002.png,4
novaspp_004/test_museum_000.png,4
novaspp_004/test_museum_001.png,4
novaspp_004/test_museum_002.png,4
novaspp_004/test_sky_000.png,4
novaspp_004/test_sky_001.png,4
novaspp_004/test_sky_002.png,4
novaspp_005/test_leaf_000.png,5
novaspp_005/test_leaf_001.png,5
novaspp_005/test_leaf_002.png,5
novaspp_005/test_flower_000.png,5
novaspp_005/test_flower_001.png,5
novaspp_005/test_flower_002.png,5
novaspp_005/test_museum_000.png,5
novaspp_005/test_museum_001.png,5
novaspp_005/test_museum_002.png,5
novaspp_005/test_sky_000.png,5
novaspp_005/test_sky_001.png,5
novaspp_005/test_sky_002.png,5
novaspp_006/test_leaf_000.png,6
novaspp_006/test_leaf_001.png,6
novaspp_006/test_leaf_002.png,6
novaspp_006/test_flower_000.png,6
novaspp_006/test_flower_001.png,6
novaspp_006/test_flower_002.png,6
novaspp_006/test_museum_000.png,6
novaspp_006/test_museum_001.png,6
novaspp_006/test_museum_002.png,6
novaspp_006/test_sky_000.png,6
novaspp_006/test_sky_001.png,6
novaspp_006/test_sky_002.png,6
novaspp_007/test_leaf_000.png,7
novaspp_007/test_leaf_001.png,7
novaspp_007/test_leaf_002.png,7
novaspp_007/test_flower_000.png,7
novaspp_007/test_flower_001.png,7
novaspp_007/test_flower_002.png,7
novaspp_007/test_museum_000.png,7
novaspp_007/test_museum_001.png,7
novaspp_007/test_museum_002.png,7
novaspp_007/test_sky_000.png,7
novaspp_007/test_sky_001.png,7
novaspp_007/test_sky_002.png,7
novaspp_008/test_leaf_000.png,8
novaspp_008/test_leaf_001.png,8
novaspp_008/test_leaf_002.png,8
novaspp_008/test_flower_000.png,8
novaspp_008/test_flower_001.png,8
novaspp_008/test_flower_002.png,8
novaspp_008/test_museum_000.png,8
novaspp_008/test_museum_001.png,8
novaspp_008/test_museum_002.png,8
novaspp_008/test_sky_000.png,8
novaspp_008/test_sky_001.png,8
novaspp_008/test_sky_002.png,8
novaspp_009/test_leaf_000.png,9
novaspp_009/test_leaf_001.png,9
novaspp_009/test_leaf_002.png,9
novaspp_009/test_flower_000.png,9
novaspp_009/test_flower_001.png,9
novaspp_009/test_flower_002.png,9
novaspp_009/test_museum_000.png,9
novaspp_009/test_museum_001.png,9
novaspp_009/test_museum_002.png,9
novaspp_009/test_sky_000.png,9
novaspp_009/test_sky_001.png,9
novaspp_009/test_sky_002.png,9
novaspp_010/test_leaf_000.png,10
novaspp_010/test_leaf_001.png,10
novaspp_010/test_leaf_002.png,10
novaspp_010/test_flower_000.png,10
novaspp_010/test_flower_001.png,10
novaspp_010/test_flower_002.png,10
novaspp_010/test_museum_000.png,10
novaspp_010/test_museum_001.png,10
novaspp_010/test_museum_002.png,10
novaspp_010/test_sky_000.png,10
novaspp_010/test_sky_001.png,10
novaspp_010/test_sky_002.png,10
novaspp_011/test_leaf_000.png,11
novaspp_011/test_leaf_001.png,11
novaspp_011/test_leaf_002.png,11
novaspp_011/test_flower_000.png,11
novaspp_011/test_flower_001.png,11
novaspp_011/test_flower_002.png,11
novaspp_011/test_museum_000.png,11
novaspp_011/test_museum_001.png,11
novaspp_011/test_museum_002.png,11
novaspp_011/test_sky_000.png,11
novaspp_011/test_sky_001.png,11
novaspp_011/test_sky_002.png,11
novaspp_012/test_leaf_000.png,12
novaspp_012/test_leaf_001.png,12
novaspp_012/test_leaf_002.png,12
novaspp_012/test_flower_000.png,12
novaspp_012/test_flower_001.png,12
novaspp_012/test_flower_002.png,12
novaspp_012/test_museum_000.png,12
novaspp_012/test_museum_001.png,12
novaspp_012/test_museum_002.png,12
novaspp_012/test_sky_000.png,12
novaspp_012/test_sky_001.png,12
novaspp_012/test_sky_002.png,12
novaspp_013/test_leaf_000.png,13
novaspp_013/test_leaf_001.png,13
novaspp_013/test_leaf_002.png,13
novaspp_013/test_flower_000.png,13
novaspp_013/test_flower_001.png,13
novaspp_013/test_flower_002.png,13
novaspp_013/test_museum_000.png,13
novaspp_013/test_museum_001.png,13
novaspp_013/test_museum_002.png,13
novaspp_013/test_sky_000.png,13
novaspp_013/test_sky_001.png,13
novaspp_013/test_sky_002.png,13
novaspp_014/test_leaf_000.png,14
novaspp_014/test_leaf_001.png,14
novaspp_014/test_leaf_002.png,14
novaspp_014/test_flower_000.png,14
novaspp_014/test_flower_001.png,14
novaspp_014/test_flower_002.png,14
novaspp_014/test_museum_000.png,14
novaspp_014/test_museum_001.png,14
novaspp_014/test_museum_002.png,14
novaspp_014/test_sky_000.png,14
novaspp_014/test_sky_001.png,14
novaspp_014/test_sky_002.png,14
novaspp_015/test_leaf_000.png,15
novaspp_015/test_leaf_001.png,15
novaspp_015/test_leaf_002.png,15
novaspp_015/test_flower_000.png,15
novaspp_015/test_flower_001.png,15
novaspp_015/test_flower_002.png,15
novaspp_015/test_museum_000.png,15
novaspp_015/test_museum_001.png,15
novaspp_015/test_museum_002.png,15
novaspp_015/test_sky_000.png,15
novaspp_015/test_sky_001.png,15
novaspp_015/test_sky_002.png,15
novaspp_016/test_leaf_000.png,16
novaspp_016/test_leaf_001.png,16
novaspp_016/test_leaf_002.png,16
novaspp_016/test_flower_000.png,16
novaspp_016/test_flower_001.png,16
novaspp_016/test_flower_002.png,16
novaspp_016/test_museum_000.png,16
novaspp_016/test_museum_001.png,16
novaspp_016/test_museum_002.png,16
novaspp_016/test_sky_000.png,16
novaspp_016/test_sky_001.png,16
novaspp_016/test_sky_002.png,16
novaspp_017/test_leaf_000.png,17
novaspp_017/test_leaf_001.png,17
novaspp_017/test_leaf_002.png,17
novaspp_017/test_flower_000.png,17
novaspp_017/test_flower_001.png,17
novaspp_017/test_flower_002.png,17
novaspp_017/test_museum_000.png,17
novaspp_017/test_museum_001.png,17
novaspp_017/test_museum_002.png,17
novaspp_017/test_sky_000.png,17
novaspp_017/test_sky_001.png,17
novaspp_017/test_sky_002.png,17
novaspp_018/test_leaf_000.png,18
novaspp_018/test_leaf_001.png,18
novaspp_018/test_leaf_002.png,18
novaspp_018/test_flower_000.png,18
novaspp_018/test_flower_001.png,18
novaspp_018/test_flower_002.png,18
novaspp_018/test_museum_000.png,18
novaspp_018/test_museum_001.png,18
novaspp_018/test_museum_002.png,18
novaspp_018/test_sky_000.png,18
novaspp_018/test_sky_001.png,18
novaspp_018/test_sky_002.png,18
novaspp_019/test_leaf_000.png,19
novaspp_019/test_leaf_001.png,19
novaspp_019/test_leaf_002.png,19
novaspp_019/test_flower_000.png,19
novaspp_019/test_flower_001.png,19
novaspp_019/test_flower_002.png,19
novaspp_019/test_museum_000.png,19
novaspp_019/test_museum_001.png,19
novaspp_019/test_museum_002.png,19
novaspp_019/test_sky_000.png,19
novaspp_019/test_sky_001.png,19
novaspp_019/test_sky_002.png,19
novaspp_020/test_leaf_000.png,20
novaspp_020/test_leaf_001.png,20
novaspp_020/test_leaf_002.png,20
novaspp_020/test_flower_000.png,20
novaspp_020/test_flower_001.png,20
novaspp_020/test_flower_002.png,20
novaspp_020/test_museum_000.png,20
novaspp_020/test_museum_001.png,20
novaspp_020/test_museum_002.png,20
novaspp_020/test_sky_000.png,20
novaspp_020/test_sky_001.png,20
novaspp_020/test_sky_002.png,20
novaspp_021/test_leaf_000.png,21
novaspp_021/test_leaf_001.png,21
novaspp_021/test_leaf_002.png,21
novaspp_021/test_flower_000.png,21
novaspp_021/test_flower_001.png,21
novaspp_021/test_flower_002.png,21
novaspp_021/test_museum_000.png,21
novaspp_021/test_museum_001.png,21
novaspp_021/test_museum_002.png,21
novaspp_021/test_sky_000.png,21
novaspp_021/test_sky_001.png,21
novaspp_021/test_sky_002.png,21
novaspp_022/test_leaf_000.png,22
novaspp_022/test_leaf_001.png,22
novaspp_022/test_leaf_002.png,22
novaspp_022/test_flower_000.png,22
novaspp_022/test_flower_001.png,22
novaspp_022/test_flower_002.png,22
novaspp_022/test_museum_000.png,22
novaspp_022/test_museum_001.png,22
novaspp_022/test_museum_002.png,22
novaspp_022/test_sky_000.png,22
novaspp_022/test_sky_001.png,22
novaspp_022/test_sky_002.png,22
novaspp_023/test_leaf_000.png,23
novaspp_023/test_leaf_001.png,23
novaspp_023/test_leaf_002.png,23
novaspp_023/test_flower_000.png,23
novaspp_023/test_flower_001.png,23
novaspp_023/test_flower_002.png,23
novaspp_023/test_museum_000.png,23
novaspp_023/test_museum_001.png,23
novaspp_023/test_museum_002.png,23
novaspp_023/test_sky_000.png,23
novaspp_023/test_sky_001.png,23
novaspp_023/test_sky_002.png,23
novaspp_024/test_leaf_000.png,24
novaspp_024/test_leaf_001.png,24
novaspp_024/test_leaf_002.png,24
novaspp_024/test_flower_000.png,24
novaspp_024/test_flower_001.png,24
novaspp_024/test_flower_002.png,24
novaspp_024/test_museum_000.png,24
novaspp_024/test_museum_001.png,24
novaspp_024/test_museum_002.png,24
novaspp_024/test_sky_000.png,24
novaspp_024/test_sky_001.png,24
novaspp_024/test_sky_002.png,24
novaspp_025/test_leaf_000.png,25
novaspp_025/test_leaf_001.png,25
novaspp_025/test_leaf_002.png,25
novaspp_025/test_flower_000.png,25
novaspp_025/test_flower_001.png,25
novaspp_025/test_flower_002.png,25
novaspp_025/test_museum_000.png,25
novaspp_025/test_museum_001.png,25
novaspp_025/test_museum_002.png,25
novaspp_025/test_sky_000.png,25
novaspp_025/test_sky_001.png,25
novaspp_025/test_sky_002.png,25
novaspp_026/test_leaf_000.png,26
novaspp_026/test_leaf_001.png,26
novaspp_026/test_leaf_002.png,26
novaspp_026/test_flower_000.png,26
novaspp_026/test_flower_001.png,26
novaspp_026/test_flower_002.png,26
novaspp_026/test_museum_000.png,26
novaspp_026/test_museum_001.png,26
novaspp_026/test_museum_002.png,26
novaspp_026/test_sky_000.png,26
novaspp_026/test_sky_001.png,26
novaspp_026/test_sky_002.png,26
novaspp_027/test_leaf_000.png,27
novaspp_027/test_leaf_001.png,27
novaspp_027/test_leaf_002.png,27
novaspp_027/test_flower_000.png,27
novaspp_027/test_flower_001.png,27
novaspp_027/test_flower_002.png,27
novaspp_027/test_museum_000.png,27
novaspp_027/test_museum_001.png,27
novaspp_027/test_museum_002.png,27
novaspp_027/test_sky_000.png,27
novaspp_027/test_sky_001.png,27
novaspp_027/test_sky_002.png,27
novaspp_028/test_leaf_000.png,28
novaspp_028/test_leaf_001.png,28
novaspp_028/test_leaf_002.png,28
novaspp_028/test_flower_000.png,28
novaspp_028/test_flower_001.png,28
novaspp_028/test_flower_002.png,28
novaspp_028/test_museum_000.png,28
novaspp_028/test_museum_001.png,28
novaspp_028/test_museum_002.png,28
novaspp_028/test_sky_000.png,28
novaspp_028/test_sky_001.png,28
novaspp_028/test_sky_002.png,28
novaspp_029/test_leaf_000.png,29
novaspp_029/test_leaf_001.png,29
novaspp_029/test_leaf_002.png,29
novaspp_029/test_flower_000.png,29
novaspp_029/test_flower_001.png,29
novaspp_029/test_flower_002.png,29
novaspp_029/test_museum_000.png,29
novaspp_029/test_museum_001.png,29
novaspp_029/test_museum_002.png,29
novaspp_029/test_sky_000.png,29
novaspp_029/test_sky_001.png,29
novaspp_029/test_sky_002.png,29
novaspp_030/test_leaf_000.png,30
novaspp_030/test_leaf_001.png,30
novaspp_030/test_leaf_002.png,30
novaspp_030/test_flower_000.png,30
novaspp_030/test_flower_001.png,30
novaspp_030/test_flower_002.png,30
novaspp_030/test_museum_000.png,30
novaspp_030/test_museum_001.png,30
novaspp_030/test_museum_002.png,30
novaspp_030/test_sky_000.png,30
novaspp_030/test_sky_001.png,30
novaspp_030/test_sky_002.png,30
novaspp_031/test_leaf_000.png,31
novaspp_031/test_leaf_001.png,31
novaspp_031/test_leaf_002.png,31
novaspp_031/test_flower_000.png,31
novaspp_031/test_flower_001.png,31
novaspp_031/test_flower_002.png,31
novaspp_031/test_museum_000.png,31
novaspp_031/test_museum_001.png,31
novaspp_031/test_museum_002.png,31
novaspp_031/test_sky_000.png,31
novaspp_031/test_sky_001.png,31
novaspp_031/test_sky_002.png,31
novaspp_032/test_leaf_000.png,32
novaspp_032/test_leaf_001.png,32
novaspp_032/test_leaf_002.png,32
novaspp_032/test_flower_000.png,32
novaspp_032/test_flower_001.png,32
novaspp_032/test_flower_002.png,32
novaspp_032/test_museum_000.png,32
novaspp_032/test_museum_001.png,32
novaspp_032/test_museum_002.png,32
novaspp_032/test_sky_000.png,32
novaspp_032/test_sky_001.png,32
novaspp_032/test_sky_002.png,32
novaspp_033/test_leaf_000.png,33
novaspp_033/test_leaf_001.png,33
novaspp_033/test_leaf_002.png,33
novaspp_033/test_flower_000.png,33
novaspp_033/test_flower_001.png,33
novaspp_033/test_flower_002.png,33
novaspp_033/test_museum_000.png,33
novaspp_033/test_museum_001.png,33
novaspp_033/test_museum_002.png,33
novaspp_033/test_sky_000.png,33
novaspp_033/test_sky_001.png,33
novaspp_033/test_sky_002.png,33
novaspp_034/test_leaf_000.png,34
novaspp_034/test_leaf_001.png,34
novaspp_034/test_leaf_002.png,34
novaspp_034/test_flower_000.png,34
novaspp_034/test_flower_001.png,34
novaspp_034/test_flower_002.png,34
novaspp_034/test_museum_000.png,34
novaspp_034/test_museum_001.png,34
novaspp_034/test_museum_002.png,34
novaspp_034/test_sky_000.png,34
novaspp_034/test_sky_001.png,34
novaspp_034/test_sky_002.png,34
novaspp_035/test_leaf_000.png,35
novaspp_035/test_leaf_001.png,35
novaspp_035/test_leaf_002.png,35
novaspp_035/test_flower_000.png,35
novaspp_035/test_flower_001.png,35
novaspp_035/test_flower_002.png,35
novaspp_035/test_museum_000.png,35
novaspp_035/test_museum_001.png,35
novaspp_035/test_museum_002.png,35
novaspp_035/test_sky_000.png,35
novaspp_035/test_sky_001.png,35
novaspp_035/test_sky_002.png,35
novaspp_036/test_leaf_000.png,36
novaspp_036/test_leaf_001.png,36
novaspp_036/test_leaf_002.png,36
novaspp_036/test_flower_000.png,36
novaspp_036/test_flower_001.png,36
novaspp_036/test_flower_002.png,36
novaspp_036/test_museum_000.png,36
novaspp_036/test_museum_001.png,36
novaspp_036/test_museum_002.png,36
novaspp_036/test_sky_000.png,36
novaspp_036/test_sky_001.png,36
novaspp_036/test_sky_002.png,36
novaspp_037/test_leaf_000.png,37
novaspp_037/test_leaf_001.png,37
novaspp_037/test_leaf_002.png,37
novaspp_037/test_flower_000.png,37
novaspp_037/test_flower_001.png,37
novaspp_037/test_flower_002.png,37
novaspp_037/test_museum_000.png,37
novaspp_037/test_museum_001.png,37
novaspp_037/test_museum_002.png,37
novaspp_037/test_sky_000.png,37
novaspp_037/test_sky_001.png,37
novaspp_037/test_sky_002.png,37
novaspp_038/test_leaf_000.png,38
novaspp_038/test_leaf_001.png,38
novaspp_038/test_leaf_002.png,38
novaspp_038/test_flower_000.png,38
novaspp_038/test_flower_001.png,38
novaspp_038/test_flower_002.png,38
novaspp_038/test_museum_000.png,38
novaspp_038/test_museum_001.png,38
novaspp_038/test_museum_002.png,38
novaspp_038/test_sky_000.png,38
novaspp_038/test_sky_001.png,38
novaspp_038/test_sky_002.png,38
novaspp_039/test_leaf_000.png,39
novaspp_039/test_leaf_001.png,39
novaspp_039/test_leaf_002.png,39
novaspp_039/test_flower_000.png,39
novaspp_039/test_flower_001.png,39
novaspp_039/test_flower_002.png,39
novaspp_039/test_museum_000.png,39
novaspp_039/test_museum_001.png,39
novaspp_039/test_museum_002.png,39
novaspp_039/test_sky_000.png,39
novaspp_039/test_sky_001.png,39
novaspp_039/test_sky_002.png,39
novaspp_040/test_leaf_000.png,40
novaspp_040/test_leaf_001.png,40
novaspp_040/test_leaf_002.png,40
novaspp_040/test_flower_000.png,40
novaspp_040/test_flower_001.png,40
novaspp_040/test_flower_002.png,40
novaspp_040/test_museum_000.png,40
novaspp_040/test_museum_001.png,40
novaspp_040/test_museum_002.png,40
novaspp_040/test_sky_000.png,40
novaspp_040/test_sky_001.png,40
novaspp_040/test_sky_002.png,40
novaspp_041/test_leaf_000.png,41
novaspp_041/test_leaf_001.png,41
novaspp_041/test_leaf_002.png,41
novaspp_041/test_flower_000.png,41
novaspp_041/test_flower_001.png,41
novaspp_041/test_flower_002.png,41
novaspp_041/test_museum_000.png,41
novaspp_041/test_museum_001.png,41
novaspp_041/test_museum_002.png,41
novaspp_041/test_sky_000.png,41
novaspp_041/test_sky_001.png,41
novaspp_041/test_sky_002.png,41
novaspp_042/test_leaf_000.png,42
novaspp_042/test_leaf_001.png,42
novaspp_042/test_leaf_002.png,42
novaspp_042/test_flower_000.png,42
novaspp_042/test_flower_001.png,42
novaspp_042/test_flower_002.png,42
novaspp_042/test_museum_000.png,42
novaspp_042/test_museum_001.png,42
novaspp_042/test_museum_002.png,42
novaspp_042/test_sky_000.png,42
novaspp_042/test_sky_001.png,42
novaspp_042/test_sky_002.png,42
novaspp_043/test_leaf_000.png,43
novaspp_043/test_leaf_001.png,43
novaspp_043/test_leaf_002.png,43
novaspp_043/test_flower_000.png,43
novaspp_043/test_flower_001.png,43
novaspp_043/test_flower_002.png,43
novaspp_043/test_museum_000.png,43
novaspp_043/test_museum_001.png,43
novaspp_043/test_museum_002.png,43
novaspp_043/test_sky_000.png,43
novaspp_043/test_sky_001.png,43
novaspp_043/test_sky_002.png,43
novaspp_044/test_leaf_000.png,44
novaspp_044/test_leaf_001.png,44
novaspp_044/test_leaf_002.png,44
novaspp_044/test_flower_000.png,44
novaspp_044/test_flower_001.png,44
novaspp_044/test_flower_002.png,44
novaspp_044/test_museum_000.png,44
novaspp_044/test_museum_001.png,44
novaspp_044/test_museum_002.png,44
novaspp_044/test_sky_000.png,44
novaspp_044/test_sky_001.png,44
novaspp_044/test_sky_002.png,44
novaspp_045/test_leaf_000.png,45
novaspp_045/test_leaf_001.png,45
novaspp_045/test_leaf_002.png,45
novaspp_045/test_flower_000.png,45
novaspp_045/test_flower_001.png,45
novaspp_045/test_flower_002.png,45
novaspp_045/test_museum_000.png,45
novaspp_045/test_museum_001.png,45
novaspp_045/test_museum_002.png,45
novaspp_045/test_sky_000.png,45
novaspp_045/test_sky_001.png,45
novaspp_045/test_sky_002.png,45
novaspp_046/test_leaf_000.png,46
novaspp_046/test_leaf_001.png,46
novaspp_046/test_leaf_002.png,46
novaspp_046/test_flower_000.png,46
novaspp_046/test_flower_001.png,46
novaspp_046/test_flower_002.png,46
novaspp_046/test_museum_000.png,46
novaspp_046/test_museum_001.png,46
novaspp_046/test_museum_002.png,46
novaspp_046/test_sky_000.png,46
novaspp_046/test_sky_001.png,46
novaspp_046/test_sky_002.png,46
novaspp_047/test_leaf_000.png,47
novaspp_047/test_leaf_001.png,47
novaspp_047/test_leaf_002.png,47
novaspp_047/test_flower_000.png,47
novaspp_047/test_flower_001.png,47
novaspp_047/test_flower_002.png,47
novaspp_047/test_museum_000.png,47
novaspp_047/test_museum_001.png,47
novaspp_047/test_museum_002.png,47
novaspp_047/test_sky_000.png,47
novaspp_047/test_sky_001.png,47
novaspp_047/test_sky_002.png,47
novaspp_048/test_leaf_000.png,48
novaspp_048/test_leaf_001.png,48
novaspp_048/test_leaf_002.png,48
novaspp_048/test_flower_000.png,48
novaspp_048/test_flower_001.png,48
novaspp_048/test_flower_002.png,48
novaspp_048/test_museum_000.png,48
novaspp_048/test_museum_001.png,48
novaspp_048/test_museum_002.png,48
novaspp_048/test_sky_000.png,48
novaspp_048/test_sky_001.png,48
novaspp_048/test_sky_002.png,48
novaspp_049/test_leaf_000.png,49
novaspp_049/test_leaf_001.png,49
novaspp_049/test_leaf_002.png,49
novaspp_049/test_flower_000.png,49
novaspp_049/test_flower_001.png,49
novaspp_049/test_flower_002.png,49
novaspp_049/test_museum_000.png,49
novaspp_049/test_museum_001.png,49
novaspp_049/test_museum_002.png,49
novaspp_049/test_sky_000.png,49
novaspp_049/test_sky_001.png,49
novaspp_049/test_sky_002.png,49
novaspp_050/test_leaf_000.png,50
novaspp_050/test_leaf_001.png,50
novaspp_050/test_leaf_002.png,50
novaspp_050/test_flower_000.png,50
novaspp_050/test_flower_001.png,50
novaspp_050/test_flower_002.png,50
novaspp_050/test_museum_000.png,50
novaspp_050/test_museum_001.png,50
novaspp_050/test_museum_002.png,50
novaspp_050/test_sky_000.png,50
novaspp_050/test_sky_001.png,50
novaspp_050/test_sky_002.png,50
novaspp_051/test_leaf_000.png,51
novaspp_051/test_leaf_001.png,51
novaspp_051/test_leaf_002.png,51
novaspp_051/test_flower_000.png,51
novaspp_051/test_flower_001.png,51
novaspp_051/test_flower_002.png,51
novaspp_051/test_museum_000.png,51
novaspp_051/test_museum_001.png,51
novaspp_051/test_museum_002.png,51
novaspp_051/test_sky_000.png,51
novaspp_051/test_sky_001.png,51
novaspp_051/test_sky_002.png,51
novaspp_052/test_leaf_000.png,52
novaspp_052/test_leaf_001.png,52
novaspp_052/test_leaf_002.png,52
novaspp_052/test_flower_000.png,52
novaspp_052/test_flower_001.png,52
novaspp_052/test_flower_002.png,52
novaspp_052/test_museum_000.png,52
novaspp_052/test_museum_001.png,52
novaspp_052/test_museum_002.png,52
novaspp_052/test_sky_000.png,52
novaspp_052/test_sky_001.png,52
novaspp_052/test_sky_002.png,52
novaspp_053/test_leaf_000.png,53
novaspp_053/test_leaf_001.png,53
novaspp_053/test_leaf_002.png,53
novaspp_053/test_flower_000.png,53
novaspp_053/test_flower_001.png,53
novaspp_053/test_flower_002.png,53
novaspp_053/test_museum_000.png,53
novaspp_053/test_museum_001.png,53
novaspp_053/test_museum_002.png,53
novaspp_053/test_sky_000.png,53
novaspp_053/test_sky_001.png,53
novaspp_053/test_sky_002.png,53
novaspp_054/test_leaf_000.png,54
novaspp_054/test_leaf_001.png,54
novaspp_054/test_leaf_002.png,54
novaspp_054/test_flower_000.png,54
novaspp_054/test_flower_001.png,54
novaspp_054/test_flower_002.png,54
novaspp_054/test_museum_000.png,54
novaspp_054/test_museum_001.png,54
novaspp_054/test_museum_002.png,54
novaspp_054/test_sky_000.png,54
novaspp_054/test_sky_001.png,54
novaspp_054/test_sky_002.png,54
novaspp_055/test_leaf_000.png,55
novaspp_055/test_leaf_001.png,55
novaspp_055/test_leaf_002.png,55
novaspp_055/test_flower_000.png,55
novaspp_055/test_flower_001.png,55
novaspp_055/test_flower_002.png,55
novaspp_055/test_museum_000.png,55
novaspp_055/test_museum_001.png,55
novaspp_055/test_museum_002.png,55
novaspp_055/test_sky_000.png,55
novaspp_055/test_sky_001.png,55
novaspp_055/test_sky_002.png,55
novaspp_056/test_leaf_000.png,56
novaspp_056/test_leaf_001.png,56
novaspp_056/test_leaf_002.png,56
novaspp_056/test_flower_000.png,56
novaspp_056/test_flower_001.png,56
novaspp_056/test_flower_002.png,56
novaspp_056/test_museum_000.png,56
novaspp_056/test_museum_001.png,56
novaspp_056/test_museum_002.png,56
novaspp_056/test_sky_000.png,56
novaspp_056/test_sky_001.png,56
novaspp_056/test_sky_002.png,56
novaspp_057/test_leaf_000.png,57
novaspp_057/test_leaf_001.png,57
novaspp_057/test_leaf_002.png,57
novaspp_057/test_flower_000.png,57
novaspp_057/test_flower_001.png,57
novaspp_057/test_flower_002.png,57
novaspp_057/test_museum_000.png,57
novaspp_057/test_museum_001.png,57
novaspp_057/test_museum_002.png,57
novaspp_057/test_sky_000.png,57
novaspp_057/test_sky_001.png,57
novaspp_057/test_sky_002.png,57
novaspp_058/test_leaf_000.png,58
novaspp_058/test_leaf_001.png,58
novaspp_058/test_leaf_002.png,58
novaspp_058/test_flower_000.png,58
novaspp_058/test_flower_001.png,58
novaspp_058/test_flower_002.png,58
novaspp_058/test_museum_000.png,58
novaspp_058/test_museum_001.png,58
novaspp_058/test_museum_002.png,58
novaspp_058/test_sky_000.png,58
novaspp_058/test_sky_001.png,58
novaspp_058/test_sky_002.png,58
novaspp_059/test_leaf_000.png,59
novaspp_059/test_leaf_001.png,59
novaspp_059/test_leaf_002.png,59
novaspp_059/test_flower_000.png,59
novaspp_059/test_flower_001.png,59
novaspp_059/test_flower_002.png,59
novaspp_059/test_museum_000.png,59
novaspp_059/test_museum_001.png,59
novaspp_059/test_museum_002.png,59
novaspp_059/test_sky_000.png,59
novaspp_059/test_sky_001.png,59
novaspp_059/test_sky_002.png,59
novaspp_060/test_leaf_000.png,60
novaspp_060/test_leaf_001.png,60
novaspp_060/test_leaf_002.png,60
novaspp_060/test_flower_000.png,60
novaspp_060/test_flower_001.png,60
novaspp_060/test_flower_002.png,60
novaspp_060/test_museum_000.png,60
novaspp_060/test_museum_001.png,60
novaspp_060/test_museum_002.png,60
novaspp_060/test_sky_000.png,60
novaspp_060/test_sky_001.png,60
novaspp_060/test_sky_002.png,60
novaspp_061/test_leaf_000.png,61
novaspp_061/test_leaf_001.png,61
novaspp_061/test_leaf_002.png,61
novaspp_061/test_flower_000.png,61
novaspp_061/test_flower_001.png,61
novaspp_061/test_flower_002.png,61
novaspp_061/test_museum_000.png,61
novaspp_061/test_museum_001.png,61
novaspp_061/test_museum_002.png,61
novaspp_061/test_sky_000.png,61
novaspp_061/test_sky_001.png,61
novaspp_061/test_sky_002.png,61
novaspp_062/test_leaf_000.png,62
novaspp_062/test_leaf_001.png,62
novaspp_062/test_leaf_002.png,62
novaspp_062/test_flower_000.png,62
novaspp_062/test_flower_001.png,62
novaspp_062/test_flower_002.png,62
novaspp_062/test_museum_000.png,62
novaspp_062/test_museum_001.png,62
novaspp_062/test_museum_002.png,62
novaspp_062/test_sky_000.png,62
novaspp_062/test_sky_001.png,62
novaspp_062/test_sky_002.png,62
novaspp_063/test_leaf_000.png,63
novaspp_063/test_leaf_001.png,63
novaspp_063/test_leaf_002.png,63
novaspp_063/test_flower_000.png,63
novaspp_063/test_flower_001.png,63
novaspp_063/test_flower_002.png,63
novaspp_063/test_museum_000.png,63
novaspp_063/test_museum_001.png,63
novaspp_063/test_museum_002.png,63
novaspp_063/test_sky_000.png,63
novaspp_063/test_sky_001.png,63
novaspp_063/test_sky_002.png,63
novaspp_064/test_leaf_000.png,64
novaspp_064/test_leaf_001.png,64
novaspp_064/test_leaf_002.png,64
novaspp_064/test_flower_000.png,64
novaspp_064/test_flower_001.png,64
novaspp_064/test_flower_002.png,64
novaspp_064/test_museum_000.png,64
novaspp_064/test_museum_001.png,64
novaspp_064/test_museum_002.png,64
novaspp_064/test_sky_000.png,64
novaspp_064/test_sky_001.png,64
novaspp_064/test_sky_002.png,64
novaspp_065/test_leaf_000.png,65
novaspp_065/test_leaf_001.png,65
novaspp_065/test_leaf_002.png,65
novaspp_065/test_flower_000.png,65
novaspp_065/test_flower_001.png,65
novaspp_065/test_flower_002.png,65
novaspp_065/test_museum_000.png,65
novaspp_065/test_museum_001.png,65
novaspp_065/test_museum_002.png,65
novaspp_065/test_sky_000.png,65
novaspp_065/test_sky_001.png,65
novaspp_065/test_sky_002.png,65
novaspp_066/test_leaf_000.png,66
novaspp_066/test_leaf_001.png,66
novaspp_066/test_leaf_002.png,66
novaspp_066/test_flower_000.png,66
novaspp_066/test_flower_001.png,66
novaspp_066/test_flower_002.png,66
novaspp_066/test_museum_000.png,66
novaspp_066/test_museum_001.png,66
novaspp_066/test_museum_002.png,66
novaspp_066/test_sky_000.png,66
novaspp_066/test_sky_001.png,66
novaspp_066/test_sky_002.png,66
novaspp_067/test_leaf_000.png,67
novaspp_067/test_leaf_001.png,67
novaspp_067/test_leaf_002.png,67
novaspp_067/test_flower_000.png,67
novaspp_067/test_flower_001.png,67
novaspp_067/test_flower_002.png,67
novaspp_067/test_museum_000.png,67
novaspp_067/test_museum_001.png,67
novaspp_067/test_museum_002.png,67
novaspp_067/test_sky_000.png,67
novaspp_067/test_sky_001.png,67
novaspp_067/test_sky_002.png,67
novaspp_068/test_leaf_000.png,68
novaspp_068/test_leaf_001.png,68
novaspp_068/test_leaf_002.png,68
novaspp_068/test_flower_000.png,68
novaspp_068/test_flower_001.png,68
novaspp_068/test_flower_002.png,68
novaspp_068/test_museum_000.png,68
novaspp_068/test_museum_001.png,68
novaspp_068/test_museum_002.png,68
novaspp_068/test_sky_000.png,68
novaspp_068/test_sky_001.png,68
novaspp_068/test_sky_002.png,68
novaspp_069/test_leaf_000.png,69
novaspp_069/test_leaf_001.png,69
novaspp_069/test_leaf_002.png,69
novaspp_069/test_flower_000.png,69
novaspp_069/test_flower_001.png,69
novaspp_069/test_flower_002.png,69
novaspp_069/test_museum_000.png,69
novaspp_069/test_museum_001.png,69
novaspp_069/test_museum_002.png,69
novaspp_069/test_sky_000.png,69
novaspp_069/test_sky_001.png,69
novaspp_069/test_sky_002.png,69
novaspp_070/test_leaf_000.png,70
novaspp_070/test_leaf_001.png,70
novaspp_070/test_leaf_002.png,70
novaspp_070/test_flower_000.png,70
novaspp_070/test_flower_001.png,70
novaspp_070/test_flower_002.png,70
novaspp_070/test_museum_000.png,70
novaspp_070/test_museum_001.png,70
novaspp_070/test_museum_002.png,70
novaspp_070/test_sky_000.png,70
novaspp_070/test_sky_001.png,70
novaspp_070/test_sky_002.png,70
novaspp_071/test_leaf_000.png,71
novaspp_071/test_leaf_001.png,71
novaspp_071/test_leaf_002.png,71
novaspp_071/test_flower_000.png,71
novaspp_071/test_flower_001.png,71
novaspp_071/test_flower_002.png,71
novaspp_071/test_museum_000.png,71
novaspp_071/test_museum_001.png,71
novaspp_071/test_museum_002.png,71
novaspp_071/test_sky_000.png,71
novaspp_071/test_sky_001.png,71
novaspp_071/test_sky_002.png,71
novaspp_072/test_leaf_000.png,72
novaspp_072/test_leaf_001.png,72
novaspp_072/test_leaf_002.png,72
novaspp_072/test_flower_000.png,72
novaspp_072/test_flower_001.png,72
novaspp_072/test_flower_002.png,72
novaspp_072/test_museum_000.png,72
novaspp_072/test_museum_001.png,72
novaspp_072/test_museum_002.png,72
novaspp_072/test_sky_000.png,72
novaspp_072/test_sky_001.png,72
novaspp_072/test_sky_002.png,72
novaspp_073/test_leaf_000.png,73
novaspp_073/test_leaf_001.png,73
novaspp_073/test_leaf_002.png,73
novaspp_073/test_flower_000.png,73
novaspp_073/test_flower_001.png,73
novaspp_073/test_flower_002.png,73
novaspp_073/test_museum_000.png,73
novaspp_073/test_museum_001.png,73
novaspp_073/test_museum_002.png,73
novaspp_073/test_sky_000.png,73
novaspp_073/test_sky_001.png,73
novaspp_073/test_sky_002.png,73
novaspp_074/test_leaf_000.png,74
novaspp_074/test_leaf_001.png,74
novaspp_074/test_leaf_002.png,74
novaspp_074/test_flower_000.png,74
novaspp_074/test_flower_001.png,74
novaspp_074/test_flower_002.png,74
novaspp_074/test_museum_000.png,74
novaspp_074/test_museum_001.png,74
novaspp_074/test_museum_002.png,74
novaspp_074/test_sky_000.png,74
novaspp_074/test_sky_001.png,74
novaspp_074/test_sky_002.png,74
novaspp_075/test_leaf_000.png,75
novaspp_075/test_leaf_001.png,75
novaspp_075/test_leaf_002.png,75
novaspp_075/test_flower_000.png,75
novaspp_075/test_flower_001.png,75
novaspp_075/test_flower_002.png,75
novaspp_075/test_museum_000.png,75
novaspp_075/test_museum_001.png,75
novaspp_075/test_museum_002.png,75
novaspp_075/test_sky_000.png,75
novaspp_075/test_sky_001.png,75
novaspp_075/test_sky_002.png,75
novaspp_076/test_leaf_000.png,76
novaspp_076/test_leaf_001.png,76
novaspp_076/test_leaf_002.png,76
novaspp_076/test_flower_000.png,76
novaspp_076/test_flower_001.png,76
novaspp_076/test_flower_002.png,76
novaspp_076/test_museum_000.png,76
novaspp_076/test_museum_001.png,76
novaspp_076/test_museum_002.png,76
novaspp_076/test_sky_000.png,76
novaspp_076/test_sky_001.png,76
novaspp_076/test_sky_002.png,76
novaspp_077/test_leaf_000.png,77
novaspp_077/test_leaf_001.png,77
novaspp_077/test_leaf_002.png,77
novaspp_077/test_flower_000.png,77
novaspp_077/test_flower_001.png,77
novaspp_077/test_flower_002.png,77
novaspp_077/test_museum_000.png,77
novaspp_077/test_museum_001.png,77
novaspp_077/test_museum_002.png,77
novaspp_077/test_sky_000.png,77
novaspp_077/test_sky_001.png,77
novaspp_077/test_sky_002.png,77
novaspp_078/test_leaf_000.png,78
novaspp_078/test_leaf_001.png,78
novaspp_078/test_leaf_002.png,78
novaspp_078/test_flower_000.png,78
novaspp_078/test_flower_001.png,78
novaspp_078/test_flower_002.png,78
novaspp_078/test_museum_000.png,78
novaspp_078/test_museum_001.png,78
novaspp_078/test_museum_002.png,78
novaspp_078/test_sky_000.png,78
novaspp_078/test_sky_001.png,78
novaspp_078/test_sky_002.png,78
novaspp_079/test_leaf_000.png,79
novaspp_079/test_leaf_001.png,79
novaspp_079/test_leaf_002.png,79
novaspp_079/test_flower_000.png,79
novaspp_079/test_flower_001.png,79
novaspp_079/test_flower_002.png,79
novaspp_079/test_museum_000.png,79
novaspp_079/test_museum_001.png,79
novaspp_079/test_museum_002.png,79
novaspp_079/test_sky_000.png,79
novaspp_079/test_sky_001.png,79
novaspp_079/test_sky_002.png,79
novaspp_080/test_leaf_000.png,80
novaspp_080/test_leaf_001.png,80
novaspp_080/test_leaf_002.png,80
novaspp_080/test_flower_000.png,80
novaspp_080/test_flower_001.png,80
novaspp_080/test_flower_002.png,80
novaspp_080/test_museum_000.png,80
novaspp_080/test_museum_001.png,80
novaspp_080/test_museum_002.png,80
novaspp_080/test_sky_000.png,80
novaspp_080/test_sky_001.png,80
novaspp_080/test_sky_002.png,80
novaspp_081/test_leaf_000.png,81
novaspp_081/test_leaf_001.png,81
novaspp_081/test_leaf_002.png,81
novaspp_081/test_flower_000.png,81
novaspp_081/test_flower_001.png,81
novaspp_081/test_flower_002.png,81
novaspp_081/test_museum_000.png,81
novaspp_081/test_museum_001.png,81
novaspp_081/test_museum_002.png,81
novaspp_081/test_sky_000.png,81
novaspp_081/test_sky_001.png,81
novaspp_081/test_sky_002.png,81
novaspp_082/test_leaf_000.png,82
novaspp_082/test_leaf_001.png,82
novaspp_082/test_leaf_002.png,82
novaspp_082/test_flower_000.png,82
novaspp_082/test_flower_001.png,82
novaspp_082/test_flower_002.png,82
novaspp_082/test_museum_000.png,82
novaspp_082/test_museum_001.png,82
novaspp_082/test_museum_002.png,82
novaspp_082/test_sky_000.png,82
novaspp_082/test_sky_001.png,82
novaspp_082/test_sky_002.png,82
novaspp_083/test_leaf_000.png,83
novaspp_083/test_leaf_001.png,83
novaspp_083/test_leaf_002.png,83
novaspp_083/test_flower_000.png,83
novaspp_083/test_flower_001.png,83
novaspp_083/test_flower_002.png,83
novaspp_083/test_museum_000.png,83
novaspp_083/test_museum_001.png,83
novaspp_083/test_museum_002.png,83
novaspp_083/test_sky_000.png,83
novaspp_083/test_sky_001.png,83
novaspp_083/test_sky_002.png,83
novaspp_084/test_leaf_000.png,84
novaspp_084/test_leaf_001.png,84
novaspp_084/test_leaf_002.png,84
novaspp_084/test_flower_000.png,84
novaspp_084/test_flower_001.png,84
novaspp_084/test_flower_002.png,84
novaspp_084/test_museum_000.png,84
novaspp_084/test_museum_001.png,84
novaspp_084/test_museum_002.png,84
novaspp_084/test_sky_000.png,84
novaspp_084/test_sky_001.png,84
novaspp_084/test_sky_002.png,84
novaspp_085/test_leaf_000.png,85
novaspp_085/test_leaf_001.png,85
novaspp_085/test_leaf_002.png,85
novaspp_085/test_flower_000.png,85
novaspp_085/test_flower_001.png,85
novaspp_085/test_flower_002.png,85
novaspp_085/test_museum_000.png,85
novaspp_085/test_museum_001.png,85
novaspp_085/test_museum_002.png,85
novaspp_085/test_sky_000.png,85
novaspp_085/test_sky_001.png,85
novaspp_085/test_sky_002.png,85
novaspp_086/test_leaf_000.png,86
novaspp_086/test_leaf_001.png,86
novaspp_086/test_leaf_002.png,86
novaspp_086/test_flower_000.png,86
novaspp_086/test_flower_001.png,86
novaspp_086/test_flower_002.png,86
novaspp_086/test_museum_000.png,86
novaspp_086/test_museum_001.png,86
novaspp_086/test_museum_002.png,86
novaspp_086/test_sky_000.png,86
novaspp_086/test_sky_001.png,86
novaspp_086/test_sky_002.png,86
novaspp_087/test_leaf_000.png,87
novaspp_087/test_leaf_001.png,87
novaspp_087/test_leaf_002.png,87
novaspp_087/test_flower_000.png,87
novaspp_087/test_flower_001.png,87
novaspp_087/test_flower_002.png,87
novaspp_087/test_museum_000.png,87
novaspp_087/test_museum_001.png,87
novaspp_087/test_museum_002.png,87
novaspp_087/test_sky_000.png,87
novaspp_087/test_sky_001.png,87
novaspp_087/test_sky_002.png,87
novaspp_088/test_leaf_000.png,88
novaspp_088/test_leaf_001.png,88
novaspp_088/test_leaf_002.png,88
novaspp_088/test_flower_000.png,88
novaspp_088/test_flower_001.png,88
novaspp_088/test_flower_002.png,88
novaspp_088/test_museum_000.png,88
novaspp_088/test_museum_001.png,88
novaspp_088/test_museum_002.png,88
novaspp_088/test_sky_000.png,88
novaspp_088/test_sky_001.png,88
novaspp_088/test_sky_002.png,88
novaspp_089/test_leaf_000.png,89
novaspp_089/test_leaf_001.png,89
novaspp_089/test_leaf_002.png,89
novaspp_089/test_flower_000.png,89
novaspp_089/test_flower_001.png,89
novaspp_089/test_flower_002.png,89
novaspp_089/test_museum_000.png,89
novaspp_089/test_museum_001.png,89
novaspp_089/test_museum_002.png,89
novaspp_089/test_sky_000.png,89
novaspp_089/test_sky_001.png,89
novaspp_089/test_sky_002.png,89
novaspp_090/test_leaf_000.png,90
novaspp_090/test_leaf_001.png,90
novaspp_090/test_leaf_002.png,90
novaspp_090/test_flower_000.png,90
novaspp_090/test_flower_001.png,90
novaspp_090/test_flower_002.png,90
novaspp_090/test_museum_000.png,90
novaspp_090/test_museum_001.png,90
novaspp_090/test_museum_002.png,90
novaspp_090/test_sky_000.png,90
novaspp_090/test_sky_001.png,90
novaspp_090/test_sky_002.png,90
novaspp_091/test_leaf_000.png,91
novaspp_091/test_leaf_001.png,91
novaspp_091/test_leaf_002.png,91
novaspp_091/test_flower_000.png,91
novaspp_091/test_flower_001.png,91
novaspp_091/test_flower_002.png,91
novaspp_091/test_museum_000.png,91
novaspp_091/test_museum_001.png,91
novaspp_091/test_museum_002.png,91
novaspp_091/test_sky_000.png,91
novaspp_091/test_sky_001.png,91
novaspp_091/test_sky_002.png,91
novaspp_092/test_leaf_000.png,92
novaspp_092/test_leaf_001.png,92
novaspp_092/test_leaf_002.png,92
novaspp_092/test_flower_000.png,92
novaspp_092/test_flower_001.png,92
novaspp_092/test_flower_002.png,92
novaspp_092/test_museum_000.png,92
novaspp_092/test_museum_001.png,92
novaspp_092/test_museum_002.png,92
novaspp_092/test_sky_000.png,92
novaspp_092/test_sky_001.png,92
novaspp_092/test_sky_002.png,92
novaspp_093/test_leaf_000.png,93
novaspp_093/test_leaf_001.png,93
novaspp_093/test_leaf_002.png,93
novaspp_093/test_flower_000.png,93
novaspp_093/test_flower_001.png,93
novaspp_093/test_flower_002.png,93
novaspp_093/test_museum_000.png,93
novaspp_093/test_museum_001.png,93
novaspp_093/test_museum_002.png,93
novaspp_093/test_sky_000.png,93
novaspp_093/test_sky_001.png,93
novaspp_093/test_sky_002.png,93
novaspp_094/test_leaf_000.png,94
novaspp_094/test_leaf_001.png,94
novaspp_094/test_leaf_002.png,94
novaspp_094/test_flower_000.png,94
novaspp_094/test_flower_001.png,94
novaspp_094/test_flower_002.png,94
novaspp_094/test_museum_000.png,94
novaspp_094/test_museum_001.png,94
novaspp_094/test_museum_002.png,94
novaspp_094/test_sky_000.png,94
novaspp_094/test_sky_001.png,94
novaspp_094/test_sky_002.png,94
novaspp_095/test_leaf_000.png,95
novaspp_095/test_leaf_001.png,95
novaspp_095/test_leaf_002.png,95
novaspp_095/test_flower_000.png,95
novaspp_095/test_flower_001.png,95
novaspp_095/test_flower_002.png,95
novaspp_095/test_museum_000.png,95
novaspp_095/test_museum_001.png,95
novaspp_095/test_museum_002.png,95
novaspp_095/test_sky_000.png,95
novaspp_095/test_sky_001.png,95
novaspp_095/test_sky_002.png,95
novaspp_096/test_leaf_000.png,96
novaspp_096/test_leaf_001.png,96
novaspp_096/test_leaf_002.png,96
novaspp_096/test_flower_000.png,96
novaspp_096/test_flower_001.png,96
novaspp_096/test_flower_002.png,96
novaspp_096/test_museum_000.png,96
novaspp_096/test_museum_001.png,96
novaspp_096/test_museum_002.png,96
novaspp_096/test_sky_000.png,96
novaspp_096/test_sky_001.png,96
novaspp_096/test_sky_002.png,96
novaspp_097/test_leaf_000.png,97
novaspp_097/test_leaf_001.png,97
novaspp_097/test_leaf_002.png,97
novaspp_097/test_flower_000.png,97
novaspp_097/test_flower_001.png,97
novaspp_097/test_flower_002.png,97
novaspp_097/test_museum_000.png,97
novaspp_097/test_museum_001.png,97
novaspp_097/test_museum_002.png,97
novaspp_097/test_sky_000.png,97
novaspp_097/test_sky_001.png,97
novaspp_097/test_sky_002.png,97
novaspp_098/test_leaf_000.png,98
novaspp_098/test_leaf_001.png,98
novaspp_098/test_leaf_002.png,98
novaspp_098/test_flower_000.png,98
novaspp_098/test_flower_001.png,98
novaspp_098/test_flower_002.png,98
novaspp_098/test_museum_000.png,98
novaspp_098/test_museum_001.png,98
novaspp_098/test_museum_002.png,98
novaspp_098/test_sky_000.png,98
novaspp_098/test_sky_001.png,98
novaspp_098/test_sky_002.png,98
novaspp_099/test_leaf_000.png,99
novaspp_099/test_leaf_001.png,99
novaspp_099/test_leaf_002.png,99
novaspp_099/test_flower_000.png,99
novaspp_099/test_flower_001.png,99
novaspp_099/test_flower_002.png,99
novaspp_099/test_museum_000.png,99
novaspp_099/test_museum_001.png,99
novaspp_099/test_museum_002.png,99
novaspp_099/test_sky_000.png,99
novaspp_099/test_sky_001.png,99
novaspp_099/test_sky_002.png,99
